"RelativePath","SizeBytes","SHA256"
"docs/GO2_REALTIME_VIDEO_BLOCKER_SOLUTION_AND_ASSET_HANDOFF_2026-08-21.md","29921","4ED9522FD2D948D6E328D6F23ACF80C7FA6698BCAA18D5A8D5CA201FA64841BD"
"docs/GO2_REALTIME_VIDEO_INTEGRATION_BLOCKER_HANDOFF_2026-08-21.md","20502","4958481032F5D4F0460C46CEDD1F7F7BBB3D056D7F40BA0250F66D3D364F576C"
"docs/GO2_REALTIME_VIDEO_TO_VISION_SERVER_RUNBOOK_2026-08-21.md","33433","B95F89C14B8AD1A7E8B5C4FCA7D862093753216B61BFFC38EC06AC0C7F1F4E7F"
"docs/VIDEO_LINK_CHECK_PHASE_5_1_2_D.md","4539","FF68E9EF63FAA3E9D83ABEC58C8DE320AAE1B876850C0A7AE43C291CAAF28B09"
"docs/WIRED_BRIDGE_RUNBOOK.md","1113","8CDC398474EDF7EE0798E42E0AAB62915B6E46CB5AB44A3680C1ED0C5D239E6A"
"go2_dev/go2-wireless-camera/collector/.env.example","536","827E093A6E2B763D282BED04D095C06B07F7ED2A5FD81475DD1E1013B9635517"
"go2_dev/go2-wireless-camera/collector/app/__init__.py","1","01BA4719C80B6FE911B091A7C05124B64EEECE964E09C058EF8F9805DACA546B"
"go2_dev/go2-wireless-camera/collector/app/config.py","2047","44FBB4729192BEEAC307DC9F8DAAC8F9891B09ED842463A893FDE1D1B3040CA9"
"go2_dev/go2-wireless-camera/collector/app/errors.py","538","B4D2F288D2E0CE92460F751E373998FA35E1B66FDE5CAEF413FBFA063060F952"
"go2_dev/go2-wireless-camera/collector/app/frame_store.py","2588","9C41404100F8AEF6487C8818A6867A952A83ADEABD2D0DFBCB639F3255757B87"
"go2_dev/go2-wireless-camera/collector/app/main.py","9003","7D8166B3DAF68EE7FDA23DCC395335FDADBAAF0610CF6BB16EEB09FCD64998A4"
"go2_dev/go2-wireless-camera/collector/app/schemas.py","229","F367835A32CF2C80883C6EA7EBDC5400C7FBE835953A35B729159D913A8206CE"
"go2_dev/go2-wireless-camera/collector/app/unitree_camera.py","8010","E1E7B559DFA4C65A4B418C0ECB134217FDE7E3B1F21C166BAF5A5FC840E66F61"
"go2_dev/go2-wireless-camera/collector/app/upload_worker.py","7243","F53681FAAF7FE935A861EA4B452E56CDA57382B75FBD1B5CD3D853726EB83AF8"
"go2_dev/go2-wireless-camera/collector/README.md","1953","DB36E9B3228957A46BDFF3262A8EF50165227AB953AF54B8C62ADE9AA91CAEED"
"go2_dev/go2-wireless-camera/collector/requirements.txt","103","1387EE576C92F894191C6C76988F8C41B2A0A7049D2CBF23A3C0165DC8D9AE89"
"go2_dev/go2-wireless-camera/collector/scripts/capture_one_frame.py","1325","85B10CFF8E153CC2C4928632C84C6915872012BA51DA7AEE2488E31C6C8A5A31"
"go2_dev/go2-wireless-camera/collector/scripts/check_wireless_network.py","1079","C2AED000A38425E9063144C9FCB81EA74662FDEF4A4D3B60A38EF3188FC66C32"
"go2_dev/go2-wireless-camera/collector/scripts/discover_wireless_candidates.py","2831","1D6B7FA52279652471E8A1F812A1C777FDDA50452F065A820D85976628394C57"
"go2_dev/go2-wireless-camera/collector/scripts/push_mjpeg_to_rtmp.sh","1001","799A283E0AD8A847BD2E2669A6621C39C96DED9B6DCE3E6CF9DC17CEFD612F3C"
"go2_dev/go2-wireless-camera/collector/scripts/soak_test_camera.py","2180","4BE1E8CA73BFFF109BA609EA761C24A097A3AA01A1A51E00EFEAE4CF83CE82F6"
"go2_dev/go2-wireless-camera/collector/tests/conftest.py","1786","468D595D05C4624C96EFBBF071774AE1C941AE5AB9CE43BB64F5CC9860260F6C"
"go2_dev/go2-wireless-camera/collector/tests/test_collector.py","5071","BF18D581D587CA10DD58812D483D3506A221BEF0268908435A65C4FC3F18B358"
"go2_dev/go2-wireless-camera/wireless_collector/.gitignore","32","F85226468103BB7ACB60A465D511D1EEE5A1D7D160D5AE09556597067B38F05E"
"go2_dev/go2-wireless-camera/wireless_collector/app.py","14520","B124B7E2E5637B970B58B4495882B815AE363AA61F588142B4E7C7CC1D4FE80D"
"go2_dev/go2-wireless-camera/wireless_collector/fetch_device_key.py","1237","3D994FAE7D20B3A1779CC7E88C7D9F59B6D80CE11F5203A241001C61DCA2170B"
"go2_dev/go2-wireless-camera/wireless_collector/README.md","3202","E4C4A14F7407672F0BFF9BB355396AC9D6893138DE4AFF087F099699661DB568"
"go2_dev/go2-wireless-camera/wireless_collector/requirements.txt","34","25C6C4168FB9D575569EF6BC60BEBB96EF6F780B415D5C537981F0962648F780"
"go2_dev/go2-wireless-camera/wireless_collector/setup_wireless.ps1","2648","43DDC8B95F1D70FE0409BB7B7106F2A02B0C9B9E7DD944DF66EB954759E71A95"
"go2_dev/go2-wireless-camera/wireless_collector/start_go2_bridge_flexible.ps1","3498","A083861C5566870E8D13C2160468C2667C8EB1EEACB0CCCC032C7802B5E240E2"
"go2_dev/go2-wireless-camera/wireless_collector/start_sta_wireless.ps1","2724","4D783EECECC1805B67307D17F389CB54DE65C1CF288110D934792E4533AE3603"
"go2_dev/go2-wireless-camera/wireless_collector/start_wireless_video.cmd","93","138C7567166790316AAF552757833AC6F8E8ED6BB9EA337E7E2112BD5EA6D766"
"go2_dev/go2-wireless-camera/wireless_collector/start_wireless.ps1","1281","FBE4A7B26A352C3B5AF6567EBB6162455EBE2ECFE93D7781C837E314B7FB4B56"
"go2_dev/go2-wireless-camera/wireless_collector/stop_wireless_video.cmd","306","B47D2BC801744E28AB5D1A9FE40575FF930898EB4B01D95FE0E8609BAB10B3AB"
"go2_dev/go2-wireless-camera/wireless_collector/tests/test_status_contract.py","2653","BC4D69F6B61F4B2DD3B9D12638D8759ACA9F5ED37C2358A56CE3B285CC92D08A"
"go2_dev/unitree_sdk2_python/.gitignore","296","235006C2D8436F71A126DDFB1C32D10B17A901797429B5A2E09816AAB95213B1"
"go2_dev/unitree_sdk2_python/LICENSE","1559","A5D73FC4ACA9074E3E6FE0B1A0BA763CF9514B2249B7390ED20FE8D53630BF25"
"go2_dev/unitree_sdk2_python/pyproject.toml","89","C83DA5DB515857A120CE4F6AFD13C08644EBEE0EA5128AD7DC2109236A973075"
"go2_dev/unitree_sdk2_python/README zh.md","4747","F84BC55B3D2582ACA4E7611CE40A6A86D759944F8EB54CD41BD5112D6BC52733"
"go2_dev/unitree_sdk2_python/README.md","5550","0FA9E0FB386718DA0619C6DDBF29B0AE01BFD49A61F36CB1C14000E4C4A7FE3D"
"go2_dev/unitree_sdk2_python/setup.py","711","F2C73B2981EE918DD8B3810267691D0294EBEDF86D7897330819E8A5FEFB19B5"
"go2_dev/unitree_sdk2_python/unitree_sdk2py/__init__.py","218","5E06276C529E44793A69D560C660A80177E751E56504C5A5AF8E8A262E15D65E"
"go2_dev/unitree_sdk2_python/unitree_sdk2py/a2/__init__.py","2","E16F1596201850FD4A63680B27F603CB64E67176159BE3D8ED78A4403FDB1700"
"go2_dev/unitree_sdk2_python/unitree_sdk2py/a2/audio/__init__.py","0","E3B0C44298FC1C149AFBF4C8996FB92427AE41E4649B934CA495991B7852B855"
"go2_dev/unitree_sdk2_python/unitree_sdk2py/a2/audio/audio_api.py","420","0D10F31869C988E1941EDBED97981E197E9DEC34ED6AC36E3987F24C427BCD0C"
"go2_dev/unitree_sdk2_python/unitree_sdk2py/a2/audio/audio_client.py","2321","6618E2E2F6ED93721FA77ED7474F6FEC099E918BCBF7FD93CBF1581AE1666D58"
"go2_dev/unitree_sdk2_python/unitree_sdk2py/a2/sport/__init__.py","0","E3B0C44298FC1C149AFBF4C8996FB92427AE41E4649B934CA495991B7852B855"
"go2_dev/unitree_sdk2_python/unitree_sdk2py/a2/sport/sport_api.py","974","68BC46EF16EA70F5F1AA604E224E7E85B5BA833AFA61E83AC49CEE4E49ED777A"
"go2_dev/unitree_sdk2_python/unitree_sdk2py/a2/sport/sport_client.py","5761","A62996F88721259E5306A9636D5DB78CFBB9A01818B818C45EFAA0B8FB8B27B0"
"go2_dev/unitree_sdk2_python/unitree_sdk2py/as2/__init__.py","2","E16F1596201850FD4A63680B27F603CB64E67176159BE3D8ED78A4403FDB1700"
"go2_dev/unitree_sdk2_python/unitree_sdk2py/as2/sport/sport_api.py","1014","5BA356D789F2274DB1E4658E8543E8FC0C0158B13636294945FE16DDA3F98E39"
"go2_dev/unitree_sdk2_python/unitree_sdk2py/as2/sport/sport_client.py","6054","D96219B2714224AFEB4B30AD205F6C9A323C53345FA70758A69EECA9DE3C5C2F"
"go2_dev/unitree_sdk2_python/unitree_sdk2py/b2/__init__.py","0","E3B0C44298FC1C149AFBF4C8996FB92427AE41E4649B934CA495991B7852B855"
"go2_dev/unitree_sdk2_python/unitree_sdk2py/b2/back_video/__init__.py","0","E3B0C44298FC1C149AFBF4C8996FB92427AE41E4649B934CA495991B7852B855"
"go2_dev/unitree_sdk2_python/unitree_sdk2py/b2/back_video/back_video_api.py","209","EDFC3D350BD8ED9968C1F3A49B194920F8E53041024C51E427B1C692978FA52C"
"go2_dev/unitree_sdk2_python/unitree_sdk2py/b2/back_video/back_video_client.py","540","A6AFE9B130B8ACB3B49C44E066B51045D68387B65112A3B9F874D73CDF30EBA6"
"go2_dev/unitree_sdk2_python/unitree_sdk2py/b2/front_video/__init__.py","0","E3B0C44298FC1C149AFBF4C8996FB92427AE41E4649B934CA495991B7852B855"
"go2_dev/unitree_sdk2_python/unitree_sdk2py/b2/front_video/front_video_api.py","213","3C6998FC1F6BCDC832146B06571C676399D77A7CB987090250FB5F4D82DF3D9C"
"go2_dev/unitree_sdk2_python/unitree_sdk2py/b2/front_video/front_video_client.py","546","CDC093C1D2FA2DCF111DB003BB2998822FEA4766A79D97E8D4CCC1C2EE26736C"
"go2_dev/unitree_sdk2_python/unitree_sdk2py/b2/robot_state/__init__.py","0","E3B0C44298FC1C149AFBF4C8996FB92427AE41E4649B934CA495991B7852B855"
"go2_dev/unitree_sdk2_python/unitree_sdk2py/b2/robot_state/robot_state_api.py","497","EFF5B53DDE23E62E5815B4F8893D23EE5D8CE1CD6A32A274996DB37674FB538A"
"go2_dev/unitree_sdk2_python/unitree_sdk2py/b2/robot_state/robot_state_client.py","3108","BB1724F1D0A3D80E75AA88E754FEA0594595BB5FA7E9B81266D773E72C69F4B6"
"go2_dev/unitree_sdk2_python/unitree_sdk2py/b2/sport/__init__.py","0","E3B0C44298FC1C149AFBF4C8996FB92427AE41E4649B934CA495991B7852B855"
"go2_dev/unitree_sdk2_python/unitree_sdk2py/b2/sport/sport_api.py","1208","F408395413F7FDEAE19FCEFA2F89BA50149211D59083F29EBC3B7F9591EA9B9C"
"go2_dev/unitree_sdk2_python/unitree_sdk2py/b2/sport/sport_client.py","6666","02FF547FAAA49C0265997A76E843103B76EF9F3E5F95DB81CED5BACBF59DEC05"
"go2_dev/unitree_sdk2_python/unitree_sdk2py/b2/vui/__init__.py","0","E3B0C44298FC1C149AFBF4C8996FB92427AE41E4649B934CA495991B7852B855"
"go2_dev/unitree_sdk2_python/unitree_sdk2py/b2/vui/vui_api.py","303","8D3C45FE84C5AB5A9130E8536DD4DF3290E80FEF5849E540679E2A288C297C6D"
"go2_dev/unitree_sdk2_python/unitree_sdk2py/b2/vui/vui_client.py","2137","0A5B7B6CED82C139DC47DA49BB83477090B69BE234B576AAA6BD04F1693AF12C"
"go2_dev/unitree_sdk2_python/unitree_sdk2py/comm/__init__.py","0","E3B0C44298FC1C149AFBF4C8996FB92427AE41E4649B934CA495991B7852B855"
"go2_dev/unitree_sdk2_python/unitree_sdk2py/comm/motion_switcher/__init__.py","0","E3B0C44298FC1C149AFBF4C8996FB92427AE41E4649B934CA495991B7852B855"
"go2_dev/unitree_sdk2_python/unitree_sdk2py/comm/motion_switcher/motion_switcher_api.py","538","933210A39B46F9303DE1991B5647B5780845886D94D491604DE0444CAAA9C60C"
"go2_dev/unitree_sdk2_python/unitree_sdk2py/comm/motion_switcher/motion_switcher_client.py","1409","133D78F6619F6E32D971B40020868618F10DB0FD191731085A4B08615448B195"
"go2_dev/unitree_sdk2_python/unitree_sdk2py/core/__init__.py","0","E3B0C44298FC1C149AFBF4C8996FB92427AE41E4649B934CA495991B7852B855"
"go2_dev/unitree_sdk2_python/unitree_sdk2py/core/channel_config.py","1013","D125FC2FBBECD3BA4329C37005D2C891818FFA66DF5B837E7BB3DDBA662E21F7"
"go2_dev/unitree_sdk2_python/unitree_sdk2py/core/channel_name.py","646","A978AD0FE4E548A2B790CD83D4881191EF249018359B30E3CC710D9A1D0F9F0C"
"go2_dev/unitree_sdk2_python/unitree_sdk2py/core/channel.py","9786","8A58EEA2BC6BB8792E5B5FA76949407BD8C2EF8AF07172D1A3A465BCC544E247"
"go2_dev/unitree_sdk2_python/unitree_sdk2py/g1/__init__.py","0","E3B0C44298FC1C149AFBF4C8996FB92427AE41E4649B934CA495991B7852B855"
"go2_dev/unitree_sdk2_python/unitree_sdk2py/g1/arm/__init__.py","0","E3B0C44298FC1C149AFBF4C8996FB92427AE41E4649B934CA495991B7852B855"
"go2_dev/unitree_sdk2_python/unitree_sdk2py/g1/arm/g1_arm_action_api.py","254","E929F22CB2BC6E65BBBF2AA1F6F57983A14C1937B53BDE7B49C85C30AF8E73D0"
"go2_dev/unitree_sdk2_python/unitree_sdk2py/g1/arm/g1_arm_action_client.py","1344","0617124577A1D41B2FD559D8FBBA8BB1B6ACE43E0471A7DBBB972B51AC155872"
"go2_dev/unitree_sdk2_python/unitree_sdk2py/g1/audio/__init__.py","0","E3B0C44298FC1C149AFBF4C8996FB92427AE41E4649B934CA495991B7852B855"
"go2_dev/unitree_sdk2_python/unitree_sdk2py/g1/audio/g1_audio_api.py","398","7CCD417EF05637617A012606DC752709674A3C9984A3828B72C9F5C453DB66A8"
"go2_dev/unitree_sdk2_python/unitree_sdk2py/g1/audio/g1_audio_client.py","2270","64A9942C1278B3B5BADF2AE7D1B871AC785F5FD3DEDA9404E97088B1E9AFF74B"
"go2_dev/unitree_sdk2_python/unitree_sdk2py/g1/loco/__init__.py","0","E3B0C44298FC1C149AFBF4C8996FB92427AE41E4649B934CA495991B7852B855"
"go2_dev/unitree_sdk2_python/unitree_sdk2py/g1/loco/g1_loco_api.py","639","8443F5450ADE69DE7D454B40C8F6C1B0F4C66573BB35EAC9251840885CB4C2C4"
"go2_dev/unitree_sdk2_python/unitree_sdk2py/g1/loco/g1_loco_client.py","4056","CA56FA0AB6306C147F793870E0BF0DD7E87519867F88433B6D4CEC18645AB11C"
"go2_dev/unitree_sdk2_python/unitree_sdk2py/go2/__init__.py","0","E3B0C44298FC1C149AFBF4C8996FB92427AE41E4649B934CA495991B7852B855"
"go2_dev/unitree_sdk2_python/unitree_sdk2py/go2/obstacles_avoid/__init__.py","0","E3B0C44298FC1C149AFBF4C8996FB92427AE41E4649B934CA495991B7852B855"
"go2_dev/unitree_sdk2_python/unitree_sdk2py/go2/obstacles_avoid/obstacles_avoid_api.py","337","71B8F9DC4247558553187E36577FF631B0F615452464656B6B4EDDE40B4401D3"
"go2_dev/unitree_sdk2_python/unitree_sdk2py/go2/obstacles_avoid/obstacles_avoid_client.py","2359","2A538D37BB11A2F9281FC3EF1B7AABEAD3918B6A245F79C32BFD04EE8F353C15"
"go2_dev/unitree_sdk2_python/unitree_sdk2py/go2/robot_state/__init__.py","0","E3B0C44298FC1C149AFBF4C8996FB92427AE41E4649B934CA495991B7852B855"
"go2_dev/unitree_sdk2_python/unitree_sdk2py/go2/robot_state/robot_state_api.py","371","9491FA44B00CEEA1DDC3EE1CB9509577AEF9F75124EB629204AC77D14577A639"
"go2_dev/unitree_sdk2_python/unitree_sdk2py/go2/robot_state/robot_state_client.py","2106","3D659CE8CE866BF966D01157064ACA42A675B26D29A1A03F5E6D913B1F96BC83"
"go2_dev/unitree_sdk2_python/unitree_sdk2py/go2/sport/__init__.py","0","E3B0C44298FC1C149AFBF4C8996FB92427AE41E4649B934CA495991B7852B855"
"go2_dev/unitree_sdk2_python/unitree_sdk2py/go2/sport/sport_api.py","1440","C21A47056E6A4DAFEADBFB0AF794A5C68DD99B60D3583678AC67C06B1CFEF6BE"
"go2_dev/unitree_sdk2_python/unitree_sdk2py/go2/sport/sport_client.py","10949","95DEA0E3A9C8FEFF64C9C8C6F81EAFE40A177AE25CE4FFA9E5D9D8343EB3D2E7"
"go2_dev/unitree_sdk2_python/unitree_sdk2py/go2/video/__init__.py","0","E3B0C44298FC1C149AFBF4C8996FB92427AE41E4649B934CA495991B7852B855"
"go2_dev/unitree_sdk2_python/unitree_sdk2py/go2/video/video_api.py","171","8BB53F1840021558E955E292460D3F4D7F668787969E5730F1E91C2EBF805EBA"
"go2_dev/unitree_sdk2_python/unitree_sdk2py/go2/video/video_client.py","482","90E5295DC1F706F1A224B6AB38A4C830189FE3AA77C0F8CE743768E426896F84"
"go2_dev/unitree_sdk2_python/unitree_sdk2py/go2/vui/__init__.py","0","E3B0C44298FC1C149AFBF4C8996FB92427AE41E4649B934CA495991B7852B855"
"go2_dev/unitree_sdk2_python/unitree_sdk2py/go2/vui/vui_api.py","303","8D3C45FE84C5AB5A9130E8536DD4DF3290E80FEF5849E540679E2A288C297C6D"
"go2_dev/unitree_sdk2_python/unitree_sdk2py/go2/vui/vui_client.py","2137","0A5B7B6CED82C139DC47DA49BB83477090B69BE234B576AAA6BD04F1693AF12C"
"go2_dev/unitree_sdk2_python/unitree_sdk2py/h1/__init__.py","0","E3B0C44298FC1C149AFBF4C8996FB92427AE41E4649B934CA495991B7852B855"
"go2_dev/unitree_sdk2_python/unitree_sdk2py/h1/loco/__init__.py","0","E3B0C44298FC1C149AFBF4C8996FB92427AE41E4649B934CA495991B7852B855"
"go2_dev/unitree_sdk2_python/unitree_sdk2py/h1/loco/h1_loco_api.py","600","46A17A2144EB0C97B1A1A99EAD7162C091DE5967196FCD981A7AA02FD992A9F8"
"go2_dev/unitree_sdk2_python/unitree_sdk2py/h1/loco/h1_loco_client.py","2439","50F58F65E13AA09C73F998426C3164001503088EA93F4DDD6B3F2865D1F60884"
"go2_dev/unitree_sdk2_python/unitree_sdk2py/h2/__init__.py","0","E3B0C44298FC1C149AFBF4C8996FB92427AE41E4649B934CA495991B7852B855"
"go2_dev/unitree_sdk2_python/unitree_sdk2py/h2/loco/__init__.py","0","E3B0C44298FC1C149AFBF4C8996FB92427AE41E4649B934CA495991B7852B855"
"go2_dev/unitree_sdk2_python/unitree_sdk2py/h2/loco/h2_loco_api.py","995","BA32AB2D624536B4636B15D76E13BA5DE9214FE351C4E9C53152368933164968"
"go2_dev/unitree_sdk2_python/unitree_sdk2py/h2/loco/h2_loco_client.py","7605","FC9C2076989A20774662726A9A1F15A1C1EC4AB348BC14A7E90017F63AF04EE5"
"go2_dev/unitree_sdk2_python/unitree_sdk2py/idl/__init__.py","271","32E41F377806FBD3E2A6D62DC4386D55A5E82FD1261A4A9D182A2CFBF86797AC"
"go2_dev/unitree_sdk2_python/unitree_sdk2py/idl/builtin_interfaces/__init__.py","167","CE7836C6B08EECE21752D06270BDAFC63A0FAF0DC637A43ADE3E2E9B8BBA474F"
"go2_dev/unitree_sdk2_python/unitree_sdk2py/idl/builtin_interfaces/msg/__init__.py","173","7C95109CDD2041CCE0259B7108EE2845C9031262841D231CB8840CF41E2C18FE"
"go2_dev/unitree_sdk2_python/unitree_sdk2py/idl/builtin_interfaces/msg/dds_/__init__.py","186","662D71714D12EE9920E998FD22BEE426DF6811DB020B1EE951A4004CA7E091F3"
"go2_dev/unitree_sdk2_python/unitree_sdk2py/idl/builtin_interfaces/msg/dds_/_Time_.py","625","EA94F7622321D79DF206441EAD2EDED0A0FED5863DD58D27005A26436D584E1F"
"go2_dev/unitree_sdk2_python/unitree_sdk2py/idl/default.py","10522","B3101722E07534C667D4C673677A8A5D57643F307CFDEB11F4761EBC456B18EA"
"go2_dev/unitree_sdk2_python/unitree_sdk2py/idl/geometry_msgs/__init__.py","162","2AEFBE7A2032D34CF076A1D8001011D8BFA3B81543B6A03183288B17DF6978E7"
"go2_dev/unitree_sdk2_python/unitree_sdk2py/idl/geometry_msgs/msg/__init__.py","168","0F374CDE971DE23EB9DBFDE357A07E8594A1A8E0EC8D214FD1DC7B07B12F9483"
"go2_dev/unitree_sdk2_python/unitree_sdk2py/idl/geometry_msgs/msg/dds_/__init__.py","1043","FCC8AC771FD2CC62294B2A16C0F9F4CDA9831F109779DF70670E1DB8B492A647"
"go2_dev/unitree_sdk2_python/unitree_sdk2py/idl/geometry_msgs/msg/dds_/_Point_.py","629","F14A8983124895D5781F99AD8BA50919C6622909598E75BB8AEA5407F4352E9B"
"go2_dev/unitree_sdk2_python/unitree_sdk2py/idl/geometry_msgs/msg/dds_/_Point32_.py","635","FC8495EF8A777896FC65DAB9300692D7BB0BD8607708EE35AA5C0452EE66335A"
"go2_dev/unitree_sdk2_python/unitree_sdk2py/idl/geometry_msgs/msg/dds_/_PointStamped_.py","760","C258986E8FBEA38AFD14FBEFBF64FF5EA3AB4630E59DFD65BBF272109E593D9B"
"go2_dev/unitree_sdk2_python/unitree_sdk2py/idl/geometry_msgs/msg/dds_/_Pose_.py","701","A3402FFA46DE1E2A5FDE2BAD696E136B2D9A741667836E713C7B31A9F58475BB"
"go2_dev/unitree_sdk2_python/unitree_sdk2py/idl/geometry_msgs/msg/dds_/_Pose2D_.py","636","11D331C77CAC12846B626680919304A39C55BD63D667F673687399DD077C8054"
"go2_dev/unitree_sdk2_python/unitree_sdk2py/idl/geometry_msgs/msg/dds_/_PoseStamped_.py","756","7BCC9670D756755584BF9B123B98EF3A8C8C6EF906CEF1C0898205D94BBB6422"
"go2_dev/unitree_sdk2_python/unitree_sdk2py/idl/geometry_msgs/msg/dds_/_PoseWithCovariance_.py","712","C3384ACB00B2E42F9668CD00614C84B8D6E6B6C4FA9E3A731E79C219B8500067"
"go2_dev/unitree_sdk2_python/unitree_sdk2py/idl/geometry_msgs/msg/dds_/_PoseWithCovarianceStamped_.py","812","C8474D3663FDEE4CFB120344EF03DCE37FAF124690D40EDCCF491DD151B42C79"
"go2_dev/unitree_sdk2_python/unitree_sdk2py/idl/geometry_msgs/msg/dds_/_Quaternion_.py","665","B133AE3FFD24DC6190996D818A1385AB9F9319E2DDA9AAA789177E70A19E4EB3"
"go2_dev/unitree_sdk2_python/unitree_sdk2py/idl/geometry_msgs/msg/dds_/_QuaternionStamped_.py","786","6F709A0C09B987EBA4B44EFEB724980F1C574D73D8E0BD7149260A2C3A1EBD83"
"go2_dev/unitree_sdk2_python/unitree_sdk2py/idl/geometry_msgs/msg/dds_/_Twist_.py","697","620FD0D1D477B97F77CDBA351EC8E0782406036D551BE2569B74B131F9B13E60"
"go2_dev/unitree_sdk2_python/unitree_sdk2py/idl/geometry_msgs/msg/dds_/_TwistStamped_.py","761","8BE06AFAFE2C8F621F8C4CDE5B2A4504C4E52BA0C4CC63DA0804FA58A8401E97"
"go2_dev/unitree_sdk2_python/unitree_sdk2py/idl/geometry_msgs/msg/dds_/_TwistWithCovariance_.py","717","761EE8BE8D35F84DCBA8261143DCFFC115337A533A95627772F5DAEAFEAB08DA"
"go2_dev/unitree_sdk2_python/unitree_sdk2py/idl/geometry_msgs/msg/dds_/_TwistWithCovarianceStamped_.py","817","0C002A0157868CE50227D0370F48F5B942ADA2A1D7E96EAF8B7622E50E28F1C9"
"go2_dev/unitree_sdk2_python/unitree_sdk2py/idl/geometry_msgs/msg/dds_/_Vector3_.py","635","82E4728BD2E99E311E8BAE5216F1FB20BA53C075FABBDF2F155974C2174E95F0"
"go2_dev/unitree_sdk2_python/unitree_sdk2py/idl/nav_msgs/__init__.py","157","9CAA80AC26BE9642EC46BB6DEAD20273848E381D41FB4EB3EDF6ED3431553BEE"
"go2_dev/unitree_sdk2_python/unitree_sdk2py/idl/nav_msgs/msg/__init__.py","163","15229534F52DEB21D1138D18FB39C6054E0C638093EFFBBA81C2406CC1A56AB8"
"go2_dev/unitree_sdk2_python/unitree_sdk2py/idl/nav_msgs/msg/dds_/__init__.py","306","CF8E9471CA0D304B7BC1EE329FEF3B360DCC0076F448B3FA632BB87DA8B9744B"
"go2_dev/unitree_sdk2_python/unitree_sdk2py/idl/nav_msgs/msg/dds_/_MapMetaData_.py","882","1805A7B05517B94D640E4D39F14F572480E7311BD5AE85F876FD06F8FB17D35F"
"go2_dev/unitree_sdk2_python/unitree_sdk2py/idl/nav_msgs/msg/dds_/_OccupancyGrid_.py","788","3EDF9453724D9445AB1CF019A51FCEF37ED50FA0E05FDBD0569F858144D69C27"
"go2_dev/unitree_sdk2_python/unitree_sdk2py/idl/nav_msgs/msg/dds_/_Odometry_.py","882","B00C39E39D9066ECD9B9FB4AD774F1CF2D9772E209B42A417634299EB7C44C77"
"go2_dev/unitree_sdk2_python/unitree_sdk2py/idl/sensor_msgs/__init__.py","160","E9D4C0450812B2E1F52A64232F9E6482E966A7A4BE16D561F21ABE1B8A3FFE93"
"go2_dev/unitree_sdk2_python/unitree_sdk2py/idl/sensor_msgs/msg/__init__.py","166","77F33F9FD7A371685A6C6A870047689A876BADE2E6316F895A13041AE17B8DD0"
"go2_dev/unitree_sdk2_python/unitree_sdk2py/idl/sensor_msgs/msg/dds_/__init__.py","312","ED73E0CFB4D0D94EA07C3E35160A73543DE2AD07E76AB54CD1C9CF7EDE2E9DBE"
"go2_dev/unitree_sdk2_python/unitree_sdk2py/idl/sensor_msgs/msg/dds_/_PointCloud2_.py","957","91A9917EE12E6BC30598B9DD6C8E5284C6B96FE24AABE1831B65899FA2853849"
"go2_dev/unitree_sdk2_python/unitree_sdk2py/idl/sensor_msgs/msg/dds_/_PointField_.py","664","90F532023F9C0DA4F999CF6D476347CA0E1FEBC6DB08B61D19F0E7CA18D77A27"
"go2_dev/unitree_sdk2_python/unitree_sdk2py/idl/sensor_msgs/msg/dds_/PointField_Constants/__init__.py","344","469E7FA152A1C7A778530E6AC5C3451EFBB69389F569045B91B0D87D190B690A"
"go2_dev/unitree_sdk2_python/unitree_sdk2py/idl/sensor_msgs/msg/dds_/PointField_Constants/_PointField_.py","550","BF818A64AE10AA98E86EA5A382474574DE599A7248BA3982A9DBF32C2BBFF2FB"
"go2_dev/unitree_sdk2_python/unitree_sdk2py/idl/std_msgs/__init__.py","157","681BF5D378BF582A89EF5B79A71D4B743088191E1A300EC01A0A415946B22F70"
"go2_dev/unitree_sdk2_python/unitree_sdk2py/idl/std_msgs/msg/__init__.py","163","06C63955A5036A764946A1540B0FC4AA2E60CD9B20EC371120362608063C7B1C"
"go2_dev/unitree_sdk2_python/unitree_sdk2py/idl/std_msgs/msg/dds_/__init__.py","223","D9D3B8C598D5387C28CB65E103B3E8AF1071798C18560C27529D0F78DE37F141"
"go2_dev/unitree_sdk2_python/unitree_sdk2py/idl/std_msgs/msg/dds_/_Header_.py","701","9DD04E5F3076DD7BADA7A007A0A57A58AF9F8D9EB0EFCD64212EC6562C51414C"
"go2_dev/unitree_sdk2_python/unitree_sdk2py/idl/std_msgs/msg/dds_/_String_.py","568","B11E1293C473C79E301607907489063E0D7B118395524709B810A03E4AA0A626"
"go2_dev/unitree_sdk2_python/unitree_sdk2py/idl/unitree_api/__init__.py","160","17D2A41F162443103F271261B375EADB7ABDFE323906B3B3A98C09B4055A705C"
"go2_dev/unitree_sdk2_python/unitree_sdk2py/idl/unitree_api/msg/__init__.py","166","0B6A9C8EEA1A48B9160C4AF3BD1DB920005093CFAECDE00AE9312341FB1815E7"
"go2_dev/unitree_sdk2_python/unitree_sdk2py/idl/unitree_api/msg/dds_/__init__.py","616","DCEB760E1AC7E493BA852819F76CAFEBD3A10D5BF4864961154D051D7C6F6C91"
"go2_dev/unitree_sdk2_python/unitree_sdk2py/idl/unitree_api/msg/dds_/_Request_.py","693","5702725B61F3E5CB0FA373AB569C24934655B17391B3696BDF64F91C013660D7"
"go2_dev/unitree_sdk2_python/unitree_sdk2py/idl/unitree_api/msg/dds_/_RequestHeader_.py","793","CEDCD0FE5E2EA280E4D0FCF95BA3EB2A8A6087D7C99DE1D4361AEFC1C8BF36FA"
"go2_dev/unitree_sdk2_python/unitree_sdk2py/idl/unitree_api/msg/dds_/_RequestIdentity_.py","634","5956CF7260A4871A66D02867CD8BF7B4CFF545DE4E2BB67754EDFCED227D14F0"
"go2_dev/unitree_sdk2_python/unitree_sdk2py/idl/unitree_api/msg/dds_/_RequestLease_.py","601","810F7237D44111F8A72323D97DDCEFEE9EBD1D1002DB1C206C0B5FC133F30680"
"go2_dev/unitree_sdk2_python/unitree_sdk2py/idl/unitree_api/msg/dds_/_RequestPolicy_.py","628","E83B1B5EA4C0C366C37C66937BE9AA04D362B3C8314DB33BEC035D8755F99DD1"
"go2_dev/unitree_sdk2_python/unitree_sdk2py/idl/unitree_api/msg/dds_/_Response_.py","692","37C3CF084917A403ABEC30F59B246B7E8E20BF699E5F6C01A55DE310160CACD6"
"go2_dev/unitree_sdk2_python/unitree_sdk2py/idl/unitree_api/msg/dds_/_ResponseHeader_.py","730","9A502CC7D83F552AE12AE29EBB8017B5DC99D050F36EC229D607B3BC99DF68D0"
"go2_dev/unitree_sdk2_python/unitree_sdk2py/idl/unitree_api/msg/dds_/_ResponseStatus_.py","609","6847677AF6D5A0DBBC9F653B4DFFFA5D22C45B7CDE229B409CEC4218A2D3E59E"
"go2_dev/unitree_sdk2_python/unitree_sdk2py/idl/unitree_go/__init__.py","159","2966FFD4D7D8971C555C45020B5FBD9BCD526A65527DA44546E5E876DF526F32"
"go2_dev/unitree_sdk2_python/unitree_sdk2py/idl/unitree_go/msg/__init__.py","165","F023F6BA33CFFD5A41E2E94C32EC352F21D36991A8F49ABECFCA32BD5FAF6690"
"go2_dev/unitree_sdk2_python/unitree_sdk2py/idl/unitree_go/msg/dds_/__init__.py","1307","0759E89DF1394E0076C13FBB872DCB89BA0B34FEC1DA781591295787AF78EA01"
"go2_dev/unitree_sdk2_python/unitree_sdk2py/idl/unitree_go/msg/dds_/_AudioData_.py","636","BB8B1AF877D007D2EB30B5C5EE92D5DFD8C0993FE2FE2E16B3D74948D88D6166"
"go2_dev/unitree_sdk2_python/unitree_sdk2py/idl/unitree_go/msg/dds_/_BmsCmd_.py","622","75ADE3D3CC52DCA553DB5EDD41DC65A4FFE774B267939C2EF299846B2C536B16"
"go2_dev/unitree_sdk2_python/unitree_sdk2py/idl/unitree_go/msg/dds_/_BmsState_.py","844","ABCC0497C43007B2648B19AC6538D264555FDE90D23427FF9CDA150320725E46"
"go2_dev/unitree_sdk2_python/unitree_sdk2py/idl/unitree_go/msg/dds_/_Error_.py","606","DEDC8E7A45715B0BC82D7569C938AFD14DB66DF7763C5CA869260AF0650E9B11"
"go2_dev/unitree_sdk2_python/unitree_sdk2py/idl/unitree_go/msg/dds_/_Go2FrontVideoData_.py","751","F641C34591249CB1F4FD4977697E6440843FF8C8040CA13AC98374F03A6DF34E"
"go2_dev/unitree_sdk2_python/unitree_sdk2py/idl/unitree_go/msg/dds_/_HeightMap_.py","773","147A5C0543D82B75E35CB820596B68317E4A1086DBF58AD19785B55C8C782B31"
"go2_dev/unitree_sdk2_python/unitree_sdk2py/idl/unitree_go/msg/dds_/_IMUState_.py","774","9465B3F1D8F2DDAAFE449CF8D27969EC398D4B56D690C8CA5F9A8EA09F67D475"
"go2_dev/unitree_sdk2_python/unitree_sdk2py/idl/unitree_go/msg/dds_/_InterfaceConfig_.py","673","BF0FCFC627A7E0FDBC3F208102CAF815B0B824ED59903D916D1899BBFE5ABC4D"
"go2_dev/unitree_sdk2_python/unitree_sdk2py/idl/unitree_go/msg/dds_/_LidarState_.py","1141","7A04FDE6C354B85B87F661D2E56C373D715BFDEFE7C4550DBD710E4ECD8F73EB"
"go2_dev/unitree_sdk2_python/unitree_sdk2py/idl/unitree_go/msg/dds_/_LowCmd_.py","1104","5D0098EEF648CF017267D105BDE5407B40496CC0DF791F15ED7A3E5E77981FE8"
"go2_dev/unitree_sdk2_python/unitree_sdk2py/idl/unitree_go/msg/dds_/_LowState_.py","1426","0D370AE286A529F9F727519E1B6ABFA9189595D78F2B29DB3316886A5B1D51E4"
"go2_dev/unitree_sdk2_python/unitree_sdk2py/idl/unitree_go/msg/dds_/_MotorCmd_.py","740","0784882CF61368413AB4E4E9B428CA770EB4537CF3000D2388EBFB49971BB64C"
"go2_dev/unitree_sdk2_python/unitree_sdk2py/idl/unitree_go/msg/dds_/_MotorCmds_.py","626","C3978E73801E3682EA65DB99D74510121296E8B2059A5A99FE777B10414F2E40"
"go2_dev/unitree_sdk2_python/unitree_sdk2py/idl/unitree_go/msg/dds_/_MotorState_.py","859","193465A3B93AAE23B1A685941FDAEAAFF42AC9B2D24CAA0E34AEF3F32363BCAB"
"go2_dev/unitree_sdk2_python/unitree_sdk2py/idl/unitree_go/msg/dds_/_MotorStates_.py","636","18651ED4E6F1AC8D0F0C7ED79C52386826FC7896D05267C9201800A8001259D2"
"go2_dev/unitree_sdk2_python/unitree_sdk2py/idl/unitree_go/msg/dds_/_PathPoint_.py","734","7D139390FB646AF819E2FC2C594413BCF6DEE3F1788EE3410DC0DA4C77FCD7D3"
"go2_dev/unitree_sdk2_python/unitree_sdk2py/idl/unitree_go/msg/dds_/_Req_.py","579","D1FC29F3394F53F2157D1BC5DA2C211013B281AE1871BFB01C4B35C2F57E6FEA"
"go2_dev/unitree_sdk2_python/unitree_sdk2py/idl/unitree_go/msg/dds_/_Res_.py","617","D8EA5E0252D765121E56CDF4A947E3D8F9588504D5AA5FA80B28AF346CC6EE05"
"go2_dev/unitree_sdk2_python/unitree_sdk2py/idl/unitree_go/msg/dds_/_SportModeState_.py","1289","8F05EEA51A6822727A14572E656BB59A84A899AC264C96C8C7104D2ACCCF5909"
"go2_dev/unitree_sdk2_python/unitree_sdk2py/idl/unitree_go/msg/dds_/_TimeSpec_.py","613","B7D083CD135887E7810733C02FE1EBB9748DFF1A6EE47D6C7DCB5775490FFBFB"
"go2_dev/unitree_sdk2_python/unitree_sdk2py/idl/unitree_go/msg/dds_/_UwbState_.py","1084","F05AB82976EC61EAEB2412EADEFF4E50E39839B98840559FB347723AE01D468F"
"go2_dev/unitree_sdk2_python/unitree_sdk2py/idl/unitree_go/msg/dds_/_UwbSwitch_.py","594","CC7F973666E4EB76D263B4124DD1A515BDF7190DDC64809DE58EEB9EE22BE5E3"
"go2_dev/unitree_sdk2_python/unitree_sdk2py/idl/unitree_go/msg/dds_/_WirelessController_.py","707","F6E2BDDF415ED8FABE56924A21579B014FCD599F092D91A0C37ADCB02357B777"
"go2_dev/unitree_sdk2_python/unitree_sdk2py/idl/unitree_hg/__init__.py","159","2BE522AC4C24DDB2906F4725A2245E0CBA8632B46A46A7EA1C186A71CC6A7FC4"
"go2_dev/unitree_sdk2_python/unitree_sdk2py/idl/unitree_hg/.idlpy_manifest","187","A54FFE2D0A62516A33546624EBFE367332D6ED3A9B922DF147C776B71E73C89D"
"go2_dev/unitree_sdk2_python/unitree_sdk2py/idl/unitree_hg/msg/__init__.py","165","3702F3DAC2B540A82DD0668EC0076D0DBB04019804C3E2EF4E3EF35428743F55"
"go2_dev/unitree_sdk2_python/unitree_sdk2py/idl/unitree_hg/msg/.idlpy_manifest","198","2646B8E0CC2A35CF49B8D013DD1BFB9708EB8DF78C03DD11DA0734215E9F35FA"
"go2_dev/unitree_sdk2_python/unitree_sdk2py/idl/unitree_hg/msg/dds_/__init__.py","696","877B1AA3A79DEE70D9615EBA56E9A856A50D741B491E74F4793A5200CE326F98"
"go2_dev/unitree_sdk2_python/unitree_sdk2py/idl/unitree_hg/msg/dds_/_BmsCmd_.py","623","042984EBA84A6082E7F08EABD078599AAF7645E51C4F1A95A1B78429D343C87B"
"go2_dev/unitree_sdk2_python/unitree_sdk2py/idl/unitree_hg/msg/dds_/_BmsState_.py","992","115F2D1B43E993CCDA8AD7572EC4E6213474FB4536A6A17A5413EB144CA52423"
"go2_dev/unitree_sdk2_python/unitree_sdk2py/idl/unitree_hg/msg/dds_/_HandCmd_.py","687","C7B4FB827507D9D8028C3D6A1AE1706240C16CC8E05EC4E4F1193B58E6561F3F"
"go2_dev/unitree_sdk2_python/unitree_sdk2py/idl/unitree_hg/msg/dds_/_HandState_.py","1012","F9CD6AEB3E10F8C2C59F65C4C1CD39BA2D515B7D4E6D8138C0BA80F52812455C"
"go2_dev/unitree_sdk2_python/unitree_sdk2py/idl/unitree_hg/msg/dds_/_IMUState_.py","774","F41533674E588ED3C4613F95A553BB5EE99B6356084208D7D25EE90897871497"
"go2_dev/unitree_sdk2_python/unitree_sdk2py/idl/unitree_hg/msg/dds_/_LowCmd_.py","762","A23CEC88E4BF782263AC2BEA29D3908C9D21A44A14361FFC0BF3424CD36597AE"
"go2_dev/unitree_sdk2_python/unitree_sdk2py/idl/unitree_hg/msg/dds_/_LowState_.py","953","97F746A693AFF14A8A1C2EA2BBD7790722BB784554E0402173ED491AD9D957F2"
"go2_dev/unitree_sdk2_python/unitree_sdk2py/idl/unitree_hg/msg/dds_/_MainBoardState_.py","754","6C181057C869C9BEF8DAA53AB2E396C2F48226E9A8BE4E7E6DA2B88747D122FD"
"go2_dev/unitree_sdk2_python/unitree_sdk2py/idl/unitree_hg/msg/dds_/_MotorCmd_.py","724","710A8321BE4D6731093B6F8328C70AB11606372561ED01A7AF9A187143F54C4D"
"go2_dev/unitree_sdk2_python/unitree_sdk2py/idl/unitree_hg/msg/dds_/_MotorState_.py","867","CFFB489830DBFB7091454279D031224F0968C066FAD0B1204E309426A0D82910"
"go2_dev/unitree_sdk2_python/unitree_sdk2py/idl/unitree_hg/msg/dds_/_PressSensorState_.py","732","1920E21F70DF982A4B0CD1E3AE7ED7A80A8389541E52C43E815DF2BF7147BDDC"
"go2_dev/unitree_sdk2_python/unitree_sdk2py/idl/unitree_hg/msg/dds_/.idlpy_manifest","265","D49A80312ADD7DC4AF8271C1897463A7002C240519AFF85CD4129372261415B5"
"go2_dev/unitree_sdk2_python/unitree_sdk2py/rpc/__init__.py","0","E3B0C44298FC1C149AFBF4C8996FB92427AE41E4649B934CA495991B7852B855"
"go2_dev/unitree_sdk2_python/unitree_sdk2py/rpc/client_base.py","5078","2A815A5C798BE95DF1C8A4AF525873C2EE47D5E0BBFBCC8A4CCF2D991A341321"
"go2_dev/unitree_sdk2_python/unitree_sdk2py/rpc/client_stub.py","2363","37C860BB4783C2F13B24BC369EBF99B2131A21DFB49F0F7A8B74E79960D879B0"
"go2_dev/unitree_sdk2_python/unitree_sdk2py/rpc/client.py","4032","20840192DEE42525B64ECC3A3E8D5EC5D1D7E122B7BFC4236C482CB2B0F6E186"
"go2_dev/unitree_sdk2_python/unitree_sdk2py/rpc/internal.py","743","38896942088A7B0D03E3D9E5FA06EF3AEE81E8EC6D52E0A9A640E35AAF955343"
"go2_dev/unitree_sdk2_python/unitree_sdk2py/rpc/lease_client.py","2883","DCFBCB7A91296FE3AA3743DF8F1C3FED6527F48C957DE0F749772DA8069FD4C8"
"go2_dev/unitree_sdk2_python/unitree_sdk2py/rpc/lease_server.py","4163","A16058E0D3F03188677E32B6662023B886F123C1B500E447A98BB0C1BD6EDAFC"
"go2_dev/unitree_sdk2_python/unitree_sdk2py/rpc/request_future.py","1149","A82ED0F0F09CD531BE9962AF1B624D83447BE1682AFCB3319022600A9DE4D072"
"go2_dev/unitree_sdk2_python/unitree_sdk2py/rpc/server_base.py","991","F2E5BD96960E12D6519AEE602141770C2658B289EEE554621D2EB9C9CDBE947A"
"go2_dev/unitree_sdk2_python/unitree_sdk2py/rpc/server_stub.py","2688","8E62B3940F0122BDF7F390F505C41892CF0D56F6735C2EE5521825F7EA67FABD"
"go2_dev/unitree_sdk2_python/unitree_sdk2py/rpc/server.py","4070","80E114FC190CD2394D48CE0F4E8187FCAFC28339FE41BA0A38B4C5FB14BA2FF9"
"go2_dev/unitree_sdk2_python/unitree_sdk2py/test/client/obstacles_avoid_client_example.py","2764","22B6E2DCCFEAFAA283915C3762FA3781DC036E7024846275DA4FE1F5055F6B83"
"go2_dev/unitree_sdk2_python/unitree_sdk2py/test/client/robot_service_client_example.py","1594","8C9C6EF46D91C8D80128C0D0657A2F35F1077213FAE325565ED10FE622D10792"
"go2_dev/unitree_sdk2_python/unitree_sdk2py/test/client/sport_client_example.py","3182","4545D0AB56B0118B88C4F13CDDD5057AE288AF4AAE8BD1F081411ED11DD00BAA"
"go2_dev/unitree_sdk2_python/unitree_sdk2py/test/client/video_client_example.py","724","98C5F35DEEA78AB886B97BC0032F42EAAF9585AE45A5689472283DD9507C62BF"
"go2_dev/unitree_sdk2_python/unitree_sdk2py/test/client/vui_client_example.py","1879","5782453477459998752DED708346D062432C9FD4F5FFBEC3C076CA6BE90FDE3B"
"go2_dev/unitree_sdk2_python/unitree_sdk2py/test/crc/test_crc.py","715","17817CBAC7789554E8D7B2A7E162A9B6C8FB7E0602EA528956EC026D9315AE3F"
"go2_dev/unitree_sdk2_python/unitree_sdk2py/test/helloworld/helloworld.py","148","64A1CC0AB1689AB9553E856CB1FCF0C8037AE58C47F449D13F5E6A96E00EBEF2"
"go2_dev/unitree_sdk2_python/unitree_sdk2py/test/helloworld/publisher.py","500","8C1D50616041BB088AAA669FB0DD08EC0278CB6FAAB08923B0B8825C6181447D"
"go2_dev/unitree_sdk2_python/unitree_sdk2py/test/helloworld/subscriber.py","373","796B74F380624D513BAB9BFFF3CCBEB6F6E47697D02338303C8DFB3ED6B95795"
"go2_dev/unitree_sdk2_python/unitree_sdk2py/test/lowlevel/lowlevel_control.py","1966","F2588EAEF87C933CC6F2FAAEB42450F67943A88AF1C6DD9185E2D475E724064C"
"go2_dev/unitree_sdk2_python/unitree_sdk2py/test/lowlevel/read_lowstate.py","784","BB056311E1D64C374399ECFD19567A1F6A8DDDF6533F6F7295315325C4574737"
"go2_dev/unitree_sdk2_python/unitree_sdk2py/test/lowlevel/sub_lowstate.py","448","C22D574370EFF593F37119899382748DE19E3686FF85937ACE2543FD1C6476B0"
"go2_dev/unitree_sdk2_python/unitree_sdk2py/test/lowlevel/unitree_go2_const.py","345","7685D8C384F268EBFEBD569DEA5B6F1E40BA6EC3AE29E8535334193F257D1034"
"go2_dev/unitree_sdk2_python/unitree_sdk2py/test/rpc/test_api.py","143","753290C91EB9961DE53B0BC2F95DA8F39DCDD85E362E01BA19B9B1513DAEF85E"
"go2_dev/unitree_sdk2_python/unitree_sdk2py/test/rpc/test_client_example.py","1496","641A729FDBC07E68694A0E72CADBD0B7F17C131B18B6D57A6C9F06C1148BDCD0"
"go2_dev/unitree_sdk2_python/unitree_sdk2py/test/rpc/test_server_example.py","1017","CEF1C190B682AD548E3ECEFE192A0252716790F0189C89CCC468C4FF71E90499"
"go2_dev/unitree_sdk2_python/unitree_sdk2py/utils/__init__.py","0","E3B0C44298FC1C149AFBF4C8996FB92427AE41E4649B934CA495991B7852B855"
"go2_dev/unitree_sdk2_python/unitree_sdk2py/utils/bqueue.py","1603","0EA1299B91F2D3C6F4ED8605064EBC3E079C1439CDF111BD30881D560166FC3F"
"go2_dev/unitree_sdk2_python/unitree_sdk2py/utils/clib_lookup.py","386","0C3A68C755EC3249B0F70B7FC42EFBC072D2B71DB123796AF232A5E7EA4B45B3"
"go2_dev/unitree_sdk2_python/unitree_sdk2py/utils/crc.py","8585","B95A530423F72C5ACC96811F75677699CB3A185B6327353E7C44B355A425A20E"
"go2_dev/unitree_sdk2_python/unitree_sdk2py/utils/future.py","2960","959880BB2CF32E5DB47D2AAC90034C623CB413DC5573FEF13C01B3902273D8F6"
"go2_dev/unitree_sdk2_python/unitree_sdk2py/utils/hz_sample.py","643","EE63AF36FDA2B11475D16D06776C3AEC69748BD8E1EFB4CF394D802E0B0506DB"
"go2_dev/unitree_sdk2_python/unitree_sdk2py/utils/joystick.py","8216","D021E6C5FCD0E6A740134CE9DC5F5F56F7542EC0E220117A3D175DF86E7AB578"
"go2_dev/unitree_sdk2_python/unitree_sdk2py/utils/lib/crc_aarch64.so","7928","A4DB103653DB78540D141FF4DC55216B83E5298280E639B2AD54A84AC2FAE9A5"
"go2_dev/unitree_sdk2_python/unitree_sdk2py/utils/lib/crc_amd64.so","15136","B136A91A7E99C5CF914F465E131F63C897A17107939184A6F85D1A57CF315ADE"
"go2_dev/unitree_sdk2_python/unitree_sdk2py/utils/singleton.py","247","0559BE3069EA2D4450F25C3153567CB641B8BF7AC55226EDDDB5F119223F9477"
"go2_dev/unitree_sdk2_python/unitree_sdk2py/utils/thread.py","2688","453166EF60D8EAA8008E1D18D8F9513E51582404522EF03EC23584AAD351E726"
"go2_dev/unitree_sdk2_python/unitree_sdk2py/utils/timerfd.py","1319","5CA58F4D0661D62C773B883A1FB923BD6230935B1683D1449F05DC32AD6B7F0A"
"go2_dev/unitree_webrtc_connect/.gitignore","508","58C146642C3934FC58B0B6EAD28447D66046EF4D6D805D4045DA9EFABD11C8BC"
"go2_dev/unitree_webrtc_connect/LICENSE","1094","135F040E607D18A72450447BBB386B2233597FCE4D96482EBAABEAF0E46CC216"
"go2_dev/unitree_webrtc_connect/MANIFEST.in","348","CC79738A361842E1440E480E3FFDAC19452E75C58652EF72C7DB768F0FDCF1FA"
"go2_dev/unitree_webrtc_connect/pyproject.toml","1064","8E8DA5F9E6AB7CB1E7E7EEB44B6A6C8409E9DDEDE1E0FDF30815AB2BB795A62D"
"go2_dev/unitree_webrtc_connect/README.md","10876","416699CF4D2D80E9A27B03A929CB947914816B81ADA1E0529FDB9B0520AF4007"
"go2_dev/unitree_webrtc_connect/requirements-bridge-lock-2026-08-21.txt","983","E958CF167029EC0871E7C11F3B99D7C3F99FE4717C6F288D3D81EEC6E50BECFD"
"go2_dev/unitree_webrtc_connect/unitree_webrtc_connect/__init__.py","2673","E81404984576CDBA60A74268F28C2722FFEFC59B4C35E3D2B187B1540F801745"
"go2_dev/unitree_webrtc_connect/unitree_webrtc_connect/_cli.py","7909","4EDBD33C0BD07487163E5728E7F5811BEAAE91912D1A29C49E39384F37E8B613"
"go2_dev/unitree_webrtc_connect/unitree_webrtc_connect/constants.py","9071","70967B7C16691BDB6B2FECA8780E3B16537A48E1BA65B66598E3F280E9D5EE2F"
"go2_dev/unitree_webrtc_connect/unitree_webrtc_connect/encryption.py","4447","26AB6B92794D88DFA9F1F20BF72879F4E974CBFBB7B71F64B6159E1A5BF9D9B3"
"go2_dev/unitree_webrtc_connect/unitree_webrtc_connect/lidar/libvoxel.wasm","9520","1BA27F065199954DC562B233AA38EA775AC687118CCE77B5C71BC14E17E05542"
"go2_dev/unitree_webrtc_connect/unitree_webrtc_connect/lidar/lidar_decoder_libvoxel.py","6801","E19240F3555FD2B202015879F2E8157E7BA7C7D01507C43E0E6B1C0FBBC980D6"
"go2_dev/unitree_webrtc_connect/unitree_webrtc_connect/lidar/lidar_decoder_native.py","2860","A0A6D065F6F223BF6388D0576F1C6371511D35056E2C18C691075BFF56654CF5"
"go2_dev/unitree_webrtc_connect/unitree_webrtc_connect/lidar/lidar_decoder_unified.py","1481","A5BD4F444119DE45AC7428F6F3D9CABB0C59E3A2139A9A95101ED9015BD1DE51"
"go2_dev/unitree_webrtc_connect/unitree_webrtc_connect/msgs/error_handler.py","3832","A455376B7011FEBA896F308D9A4E611B2B5E1FB8903863DD8B4DFE250E73403E"
"go2_dev/unitree_webrtc_connect/unitree_webrtc_connect/msgs/future_resolver.py","5310","47DE0005DE7E57CC44A5C1B0AB8895F164142E8170E52C1F0C2E95AD60F370CF"
"go2_dev/unitree_webrtc_connect/unitree_webrtc_connect/msgs/heartbeat.py","1653","CCF1F86F31E8DD939D6283DA0378C26F0E67BB389F4EBD23059ADBC933ADBE36"
"go2_dev/unitree_webrtc_connect/unitree_webrtc_connect/msgs/pub_sub.py","4871","7EDEC012C946F84A417D0212B92252A6708CC4EC87DDE8B83201618B4D3BDAF8"
"go2_dev/unitree_webrtc_connect/unitree_webrtc_connect/msgs/rtc_inner_req.py","8063","8FCD277EDB13ABD27FBC898977FF3F48958B998C0C958E3D16C6D10FE8CF90AB"
"go2_dev/unitree_webrtc_connect/unitree_webrtc_connect/msgs/validation.py","2310","8032B53B4542987BA9971E14BEDCEEBBF1045F6AD7E45B87D710E2EE24B7D750"
"go2_dev/unitree_webrtc_connect/unitree_webrtc_connect/multicast_scanner.py","2607","A57C619BB125399612862F119926CEB4ADA029619508FE982655BF1F1CA24555"
"go2_dev/unitree_webrtc_connect/unitree_webrtc_connect/unitree_auth.py","14502","A7890306AB7A14E833EFEF01BB5737FDC244A8FE86C6EAE4B65BA4E70904D619"
"go2_dev/unitree_webrtc_connect/unitree_webrtc_connect/unitree_cloud.py","12237","4F70633DE24A96236C4465187D29065547B158F92858836673930EB10715AC9B"
"go2_dev/unitree_webrtc_connect/unitree_webrtc_connect/util.py","3007","9D2782C16D1434395CAD123AD7E547D5AC48B0A55F7E9CFED1C950196117AE2E"
"go2_dev/unitree_webrtc_connect/unitree_webrtc_connect/webrtc_audio.py","1274","FA61645F6A853C1FA1B80346A23EBC03006EF05CD91F5F1D6C0595FB80592805"
"go2_dev/unitree_webrtc_connect/unitree_webrtc_connect/webrtc_audiohub.py","10015","A12E059E6EC02D719D4B2F0078739D79E4B195401B8ED7BDC2CE4F76B1ED3289"
"go2_dev/unitree_webrtc_connect/unitree_webrtc_connect/webrtc_datachannel.py","8396","90DBB99188FF9F6799FAD9E5DF57B9C23A7620E4C9E633914C9BEF64DDCCBBF3"
"go2_dev/unitree_webrtc_connect/unitree_webrtc_connect/webrtc_driver.py","11031","B08305CEE01573B0834C9BDEE44ED97B31E077FE7F54491CB5490350CD1108DF"
"go2_dev/unitree_webrtc_connect/unitree_webrtc_connect/webrtc_video.py","1271","8E2CAB0A3C865516F7EC9CA13A998620EDC20FD51DF84216395EE6981A309254"
"README_FIRST.md","809","98CFA699D0225259EA1299D03090CC5528599C3FBC1925464EFF846BD6426BA5"
